Row Labels,Min of MESKEN SAYISI,Max of MESKEN SAYISI,Min of SANAYI_count,Max of SANAYI_count,Min of TICARETHANE_count,Max of TICARETHANE_count,Min of AYDINLATMA_count,Max of AYDINLATMA_count
1-2 katlý,1,2,0,0,0,0,0,1
3-4 katlý,2,28,0,1,0,7,0,0
5-7 katlý,4,174,0,1,0,35,0,1
8 üstü,57,285,0,0,0,19,0,0
AYDINLATMA,0,0,0,0,0,0,1,4
BUYUK_SANAYI,0,0,1,2,0,0,0,0
BUYUK_TICARETHANE,0,0,0,0,1,2,0,0
KUCUK_SANAYI,0,0,1,1,0,0,0,0
KUCUK_TICARETHANE,0,0,0,0,1,13,0,1
ORTA_SANAYI,0,0,1,4,0,43,0,0
ORTA_TICARETHANE,0,0,0,0,1,185,0,1
TARIMSAL_SULAMA,0,0,0,0,0,0,0,0
villa,1,2,0,0,0,0,0,1
Grand Total,0,285,0,4,0,185,0,4
